station,name,latitude,longitude,timestamp,temperature,humidity
SOF-01,Sensor Center,42.6977,23.3219,2026-01-15T08:00:00Z,-2.4,78
SOF-01,Sensor Center,42.6977,23.3219,2026-01-15T09:00:00Z,-1.1,75
SOF-02,Sensor Lozenets,42.6720,23.3186,2026-01-15T08:00:00Z,-3.0,81
SOF-02,Sensor Lozenets,42.6720,23.3186,2026-01-15T09:00:00Z,-1.8,79
SOF-03,Sensor Mladost,42.6470,23.3720,2026-01-15T08:00:00Z,-2.9,83
SOF-03,Sensor Mladost,42.6470,23.3720,2026-01-15T09:00:00Z,-1.5,80
SOF-04,Sensor Nadezhda,42.7250,23.3080,2026-01-15T08:00:00Z,-3.4,84
SOF-04,Sensor Nadezhda,42.7250,23.3080,2026-01-15T09:00:00Z,-2.0,82
SOF-05,Sensor Studentski,42.6500,23.3480,2026-01-15T08:00:00Z,-2.7,77
SOF-05,Sensor Studentski,42.6500,23.3480,2026-01-15T09:00:00Z,-1.3,74
