station,name,latitude,longitude,timestamp,pm25,pm10,no2
SOF-01,Sensor Center,42.6977,23.3219,2026-01-15T08:00:00Z,42.5,68.1,31.2
SOF-01,Sensor Center,42.6977,23.3219,2026-01-15T09:00:00Z,48.3,74.6,35.8
SOF-02,Sensor Lozenets,42.6720,23.3186,2026-01-15T08:00:00Z,29.7,51.4,22.5
SOF-02,Sensor Lozenets,42.6720,23.3186,2026-01-15T09:00:00Z,33.1,55.9,25.0
SOF-03,Sensor Mladost,42.6470,23.3720,2026-01-15T08:00:00Z,55.2,88.3,40.1
SOF-03,Sensor Mladost,42.6470,23.3720,2026-01-15T09:00:00Z,61.0,95.7,44.6
SOF-04,Sensor Nadezhda,42.7250,23.3080,2026-01-15T08:00:00Z,38.9,62.0,28.7
SOF-04,Sensor Nadezhda,42.7250,23.3080,2026-01-15T09:00:00Z,41.6,66.8,30.9
SOF-05,Sensor Studentski,42.6500,23.3480,2026-01-15T08:00:00Z,26.4,44.7,19.8
SOF-05,Sensor Studentski,42.6500,23.3480,2026-01-15T09:00:00Z,30.2,49.1,21.3
